

--Phòng Ban
INSERT [dbo].[PhongBan] ([MaPB], [TenPB], [MaTP]) VALUES (N'PB001', N'Phòng kế toán', N'E0001')
INSERT [dbo].[PhongBan] ([MaPB], [TenPB], [MaTP]) VALUES (N'PB002', N'Phòng nhân sự', N'E0002')
INSERT [dbo].[PhongBan] ([MaPB], [TenPB], [MaTP]) VALUES (N'PB003', N'Phòng tài chính', N'E0003')
INSERT [dbo].[PhongBan] ([MaPB], [TenPB], [MaTP]) VALUES (N'PB004', N'Phòng kế hoạch', N'E0004')
INSERT [dbo].[PhongBan] ([MaPB], [TenPB], [MaTP]) VALUES (N'PB005', N'Phòng giám đốc', N'E0005')
INSERT [dbo].[PhongBan] ([MaPB], [TenPB], [MaTP]) VALUES (N'PB006', N'Phòng Phó Giám Đốc', N'E0006')
--Nhân Viên
INSERT [dbo].[NhanVien] ([MaNV], [HoNV], [TenNV], [DiaChi], [GT], [NgaySinh], [Luong], [MaPB]) VALUES (N'E0001', N'Nguyễn', N'Thái Hùng', N'Hà Nội', N'Nam', CAST(N'1994-04-21' AS Date), 19000000.0000, N'PB001')
INSERT [dbo].[NhanVien] ([MaNV], [HoNV], [TenNV], [DiaChi], [GT], [NgaySinh], [Luong], [MaPB]) VALUES (N'E0002', N'Hoàng', N'Văn Chiến', N'Nam Định', N'Nam', CAST(N'1992-02-20' AS Date), 20000000.0000, N'PB002')
INSERT [dbo].[NhanVien] ([MaNV], [HoNV], [TenNV], [DiaChi], [GT], [NgaySinh], [Luong], [MaPB]) VALUES (N'E0003', N'Trần', N'Huyền Thư', N'Hải Phòng', N'Nữ', CAST(N'1993-08-11' AS Date), 25000000.0000, N'PB003')
INSERT [dbo].[NhanVien] ([MaNV], [HoNV], [TenNV], [DiaChi], [GT], [NgaySinh], [Luong], [MaPB]) VALUES (N'E0004', N'Nguyễn', N'Hoàng Nam', N'Hải Phòng', N'Nam', CAST(N'1996-12-01' AS Date), 22000000.0000, N'PB004')
INSERT [dbo].[NhanVien] ([MaNV], [HoNV], [TenNV], [DiaChi], [GT], [NgaySinh], [Luong], [MaPB]) VALUES (N'E0005', N'Đào ', N'Thu Thảo', N'Hà Nam', N'Nữ', CAST(N'1995-06-17' AS Date), 50000000.0000, N'PB005')
INSERT [dbo].[NhanVien] ([MaNV], [HoNV], [TenNV], [DiaChi], [GT], [NgaySinh], [Luong], [MaPB]) VALUES (N'E0006', N'Bùi', N'Văn Tú', N'Cao Bằng', N'Nam', CAST(N'1992-08-15' AS Date), 30000000.0000, N'PB006')
INSERT [dbo].[NhanVien] ([MaNV], [HoNV], [TenNV], [DiaChi], [GT], [NgaySinh], [Luong], [MaPB]) VALUES (N'E0007', N'Lê', N'Duy Đạt', N'Hà Nam', N'Nam', CAST(N'1998-07-15' AS Date), 5000000.0000, N'PB001')
INSERT [dbo].[NhanVien] ([MaNV], [HoNV], [TenNV], [DiaChi], [GT], [NgaySinh], [Luong], [MaPB]) VALUES (N'E0008', N'Nguyễn ', N'Hoàng', N'Hà Nam', N'Nam', CAST(N'1998-07-16' AS Date), 5000000.0000, N'PB001')
INSERT [dbo].[NhanVien] ([MaNV], [HoNV], [TenNV], [DiaChi], [GT], [NgaySinh], [Luong], [MaPB]) VALUES (N'E0009', N'Nguyễn ', N'Minh', N'Hà Nam', N'Nam', CAST(N'1998-07-17' AS Date), 5000000.0000, N'PB001')
INSERT [dbo].[NhanVien] ([MaNV], [HoNV], [TenNV], [DiaChi], [GT], [NgaySinh], [Luong], [MaPB]) VALUES (N'E0010', N'Hoàng', N'Tuấn', N'Hà Nam', N'Nam', CAST(N'1998-07-18' AS Date), 5000000.0000, N'PB002')
INSERT [dbo].[NhanVien] ([MaNV], [HoNV], [TenNV], [DiaChi], [GT], [NgaySinh], [Luong], [MaPB]) VALUES (N'E0011', N'Triệu', N'Minh Huy', N'Lạng Sơn', N'Nam', CAST(N'1998-07-19' AS Date), 5000000.0000, N'PB002')
INSERT [dbo].[NhanVien] ([MaNV], [HoNV], [TenNV], [DiaChi], [GT], [NgaySinh], [Luong], [MaPB]) VALUES (N'E0012', N'Ngô', N'Văn Sĩ', N'Lạng Sơn', N'Nam', CAST(N'1998-07-20' AS Date), 5000000.0000, N'PB002')
INSERT [dbo].[NhanVien] ([MaNV], [HoNV], [TenNV], [DiaChi], [GT], [NgaySinh], [Luong], [MaPB]) VALUES (N'E0013', N'Trần ', N'Thị Hạnh', N'Vĩnh Phúc', N'Nữ', CAST(N'1998-07-21' AS Date), 5000000.0000, N'PB002')
INSERT [dbo].[NhanVien] ([MaNV], [HoNV], [TenNV], [DiaChi], [GT], [NgaySinh], [Luong], [MaPB]) VALUES (N'E0014', N'Nguyễn ', N'Phương Nam', N'Vĩnh Phúc', N'Nam', CAST(N'1998-07-22' AS Date), 5000000.0000, N'PB002')
INSERT [dbo].[NhanVien] ([MaNV], [HoNV], [TenNV], [DiaChi], [GT], [NgaySinh], [Luong], [MaPB]) VALUES (N'E0015', N'Vũ ', N'Ngọc Huyền', N'Vĩnh Phúc', N'Nữ', CAST(N'1998-07-23' AS Date), 5000000.0000, N'PB002')
INSERT [dbo].[NhanVien] ([MaNV], [HoNV], [TenNV], [DiaChi], [GT], [NgaySinh], [Luong], [MaPB]) VALUES (N'E0016', N'Trần ', N'Nhung', N'Hà Nội', N'Nữ', CAST(N'1998-07-24' AS Date), 5000000.0000, N'PB002')
INSERT [dbo].[NhanVien] ([MaNV], [HoNV], [TenNV], [DiaChi], [GT], [NgaySinh], [Luong], [MaPB]) VALUES (N'E0017', N'Hoàng', N'Thu Phương', N'Hà Nội', N'Nữ', CAST(N'1998-07-25' AS Date), 5000000.0000, N'PB002')
INSERT [dbo].[NhanVien] ([MaNV], [HoNV], [TenNV], [DiaChi], [GT], [NgaySinh], [Luong], [MaPB]) VALUES (N'E0018', N'Nguyễn ', N'Hiền', N'Hà Nội', N'Nữ', CAST(N'1998-07-26' AS Date), 5000000.0000, N'PB002')
INSERT [dbo].[NhanVien] ([MaNV], [HoNV], [TenNV], [DiaChi], [GT], [NgaySinh], [Luong], [MaPB]) VALUES (N'E0019', N'Trần ', N'Nam', N'Thái Bình', N'Nam', CAST(N'1998-07-27' AS Date), 5000000.0000, N'PB002')
INSERT [dbo].[NhanVien] ([MaNV], [HoNV], [TenNV], [DiaChi], [GT], [NgaySinh], [Luong], [MaPB]) VALUES (N'E0020', N'Trần ', N'Hoàng Huy', N'Thái Bình', N'Nam', CAST(N'1998-07-28' AS Date), 5000000.0000, N'PB003')
INSERT [dbo].[NhanVien] ([MaNV], [HoNV], [TenNV], [DiaChi], [GT], [NgaySinh], [Luong], [MaPB]) VALUES (N'E0021', N'Vũ ', N'Duy Minh', N'Thái Bình', N'Nam', CAST(N'1998-07-29' AS Date), 5000000.0000, N'PB003')
INSERT [dbo].[NhanVien] ([MaNV], [HoNV], [TenNV], [DiaChi], [GT], [NgaySinh], [Luong], [MaPB]) VALUES (N'E0022', N'Hoàng ', N'Anh Duy', N'Nam Định', N'Nam', CAST(N'1998-07-30' AS Date), 5000000.0000, N'PB003')
INSERT [dbo].[NhanVien] ([MaNV], [HoNV], [TenNV], [DiaChi], [GT], [NgaySinh], [Luong], [MaPB]) VALUES (N'E0023', N'Lê', N'Phương Nam', N'Hà Nam', N'Nam', CAST(N'1998-07-15' AS Date), 5000000.0000, N'PB002')
INSERT [dbo].[NhanVien] ([MaNV], [HoNV], [TenNV], [DiaChi], [GT], [NgaySinh], [Luong], [MaPB]) VALUES (N'E0024', N'Nguyễn ', N'Ngọc Huyền', N'Hà Nam', N'Nữ', CAST(N'1998-07-16' AS Date), 5000000.0000, N'PB002')
INSERT [dbo].[NhanVien] ([MaNV], [HoNV], [TenNV], [DiaChi], [GT], [NgaySinh], [Luong], [MaPB]) VALUES (N'E0025', N'Nguyễn ', N'Nhung', N'Hà Nam', N'Nữ', CAST(N'1998-07-17' AS Date), 5000000.0000, N'PB002')
INSERT [dbo].[NhanVien] ([MaNV], [HoNV], [TenNV], [DiaChi], [GT], [NgaySinh], [Luong], [MaPB]) VALUES (N'E0026', N'Hoàng', N'Thu Phương', N'Hà Nam', N'Nữ', CAST(N'1998-07-18' AS Date), 5000000.0000, N'PB002')
INSERT [dbo].[NhanVien] ([MaNV], [HoNV], [TenNV], [DiaChi], [GT], [NgaySinh], [Luong], [MaPB]) VALUES (N'E0027', N'Triệu', N'Hiền', N'Lạng Sơn', N'Nữ', CAST(N'1998-07-19' AS Date), 5000000.0000, N'PB002')
INSERT [dbo].[NhanVien] ([MaNV], [HoNV], [TenNV], [DiaChi], [GT], [NgaySinh], [Luong], [MaPB]) VALUES (N'E0028', N'Ngô', N'Nam', N'Lạng Sơn', N'Nam', CAST(N'1998-07-20' AS Date), 5000000.0000, N'PB002')
INSERT [dbo].[NhanVien] ([MaNV], [HoNV], [TenNV], [DiaChi], [GT], [NgaySinh], [Luong], [MaPB]) VALUES (N'E0029', N'Trần ', N'Hoàng Huy', N'Vĩnh Phúc', N'Nam', CAST(N'1998-07-21' AS Date), 5000000.0000, N'PB002')
INSERT [dbo].[NhanVien] ([MaNV], [HoNV], [TenNV], [DiaChi], [GT], [NgaySinh], [Luong], [MaPB]) VALUES (N'E0030', N'Nguyễn ', N'Duy Minh', N'Vĩnh Phúc', N'Nam', CAST(N'1998-07-22' AS Date), 5000000.0000, N'PB002')
INSERT [dbo].[NhanVien] ([MaNV], [HoNV], [TenNV], [DiaChi], [GT], [NgaySinh], [Luong], [MaPB]) VALUES (N'E0031', N'Vũ ', N'Anh Duy', N'Vĩnh Phúc', N'Nam', CAST(N'1998-07-23' AS Date), 5000000.0000, N'PB002')
INSERT [dbo].[NhanVien] ([MaNV], [HoNV], [TenNV], [DiaChi], [GT], [NgaySinh], [Luong], [MaPB]) VALUES (N'E0032', N'Trần ', N'Duy Đạt', N'Hà Nội', N'Nam', CAST(N'1998-07-24' AS Date), 5000000.0000, N'PB002')
INSERT [dbo].[NhanVien] ([MaNV], [HoNV], [TenNV], [DiaChi], [GT], [NgaySinh], [Luong], [MaPB]) VALUES (N'E0033', N'Hoàng', N'Hoàng', N'Hà Nội', N'Nam', CAST(N'1998-07-25' AS Date), 5000000.0000, N'PB002')
INSERT [dbo].[NhanVien] ([MaNV], [HoNV], [TenNV], [DiaChi], [GT], [NgaySinh], [Luong], [MaPB]) VALUES (N'E0034', N'Nguyễn ', N'Minh', N'Hà Nội', N'Nam', CAST(N'1998-07-26' AS Date), 5000000.0000, N'PB004')
INSERT [dbo].[NhanVien] ([MaNV], [HoNV], [TenNV], [DiaChi], [GT], [NgaySinh], [Luong], [MaPB]) VALUES (N'E0035', N'Trần ', N'Tuấn', N'Thái Bình', N'Nam', CAST(N'1998-07-27' AS Date), 5000000.0000, N'PB004')
INSERT [dbo].[NhanVien] ([MaNV], [HoNV], [TenNV], [DiaChi], [GT], [NgaySinh], [Luong], [MaPB]) VALUES (N'E0036', N'Trần ', N'Minh Huy', N'Thái Bình', N'Nam', CAST(N'1998-07-28' AS Date), 5000000.0000, N'PB004')
INSERT [dbo].[NhanVien] ([MaNV], [HoNV], [TenNV], [DiaChi], [GT], [NgaySinh], [Luong], [MaPB]) VALUES (N'E0037', N'Vũ ', N'Văn Sĩ', N'Thái Bình', N'Nam', CAST(N'1998-07-29' AS Date), 5000000.0000, N'PB004')
INSERT [dbo].[NhanVien] ([MaNV], [HoNV], [TenNV], [DiaChi], [GT], [NgaySinh], [Luong], [MaPB]) VALUES (N'E0038', N'Hoàng ', N'Thị Hạnh', N'Nam Định', N'Nam', CAST(N'1998-07-30' AS Date), 5000000.0000, N'PB004')
--loại sản phẩm
INSERT [dbo].[LoaiSP] ([MaLoai], [TenLoai], [SoLuong], [GhiChu]) VALUES (N'L0001', N'Sữa Bột Trẻ em', 400, N'')
INSERT [dbo].[LoaiSP] ([MaLoai], [TenLoai], [SoLuong], [GhiChu]) VALUES (N'L0002', N'Sữa Bột Người Cao Tuổi', 400, N' ')
INSERT [dbo].[LoaiSP] ([MaLoai], [TenLoai], [SoLuong], [GhiChu]) VALUES (N'L0003', N'Sữa Tươi', 400, N' ')
INSERT [dbo].[LoaiSP] ([MaLoai], [TenLoai], [SoLuong], [GhiChu]) VALUES (N'L0004', N'Sữa Chua', 1000, N' ')
INSERT [dbo].[LoaiSP] ([MaLoai], [TenLoai], [SoLuong], [GhiChu]) VALUES (N'L0005', N'Váng Sữa', 400, N' ')
--Sản Phẩm
INSERT [dbo].[SanPham] ([MaSp], [TenSP], [DonGia], [NSX], [HSD], [GhiChu], [MaLoai]) VALUES (N'P0001', N'Sữa Frisolac Gold', 500000.0000, CAST(N'2019-11-20' AS Date), CAST(N'2020-08-20' AS Date), N' ', N'L0001')
INSERT [dbo].[SanPham] ([MaSp], [TenSP], [DonGia], [NSX], [HSD], [GhiChu], [MaLoai]) VALUES (N'P0002', N'Sữa Nan Nestle', 500000.0000, CAST(N'2019-11-20' AS Date), CAST(N'2020-08-20' AS Date), N' ', N'L0001')
INSERT [dbo].[SanPham] ([MaSp], [TenSP], [DonGia], [NSX], [HSD], [GhiChu], [MaLoai]) VALUES (N'P0003', N'Sữa Physiolac Pháp', 500000.0000, CAST(N'2019-11-20' AS Date), CAST(N'2020-08-20' AS Date), N' ', N'L0001')
INSERT [dbo].[SanPham] ([MaSp], [TenSP], [DonGia], [NSX], [HSD], [GhiChu], [MaLoai]) VALUES (N'P0004', N'Sữa Morinaga Nhật', 500000.0000, CAST(N'2019-11-20' AS Date), CAST(N'2020-08-20' AS Date), N' ', N'L0001')
INSERT [dbo].[SanPham] ([MaSp], [TenSP], [DonGia], [NSX], [HSD], [GhiChu], [MaLoai]) VALUES (N'P0005', N'Sữa Meiji Nhật Bản', 500000.0000, CAST(N'2019-11-20' AS Date), CAST(N'2020-08-20' AS Date), N' ', N'L0001')
INSERT [dbo].[SanPham] ([MaSp], [TenSP], [DonGia], [NSX], [HSD], [GhiChu], [MaLoai]) VALUES (N'P0006', N'Sữa PediaSure', 500000.0000, CAST(N'2019-11-20' AS Date), CAST(N'2020-08-20' AS Date), N' ', N'L0001')
INSERT [dbo].[SanPham] ([MaSp], [TenSP], [DonGia], [NSX], [HSD], [GhiChu], [MaLoai]) VALUES (N'P0007', N'Sữa Kendamil', 500000.0000, CAST(N'2019-11-20' AS Date), CAST(N'2020-08-20' AS Date), N' ', N'L0001')
INSERT [dbo].[SanPham] ([MaSp], [TenSP], [DonGia], [NSX], [HSD], [GhiChu], [MaLoai]) VALUES (N'P0008', N'Sữa Glico số 0', 500000.0000, CAST(N'2019-11-20' AS Date), CAST(N'2020-08-20' AS Date), N' ', N'L0001')
INSERT [dbo].[SanPham] ([MaSp], [TenSP], [DonGia], [NSX], [HSD], [GhiChu], [MaLoai]) VALUES (N'P0009', N'Sữa Vinamilk Sure Prevent', 500000.0000, CAST(N'2019-11-20' AS Date), CAST(N'2020-08-20' AS Date), N' ', N'L0002')
INSERT [dbo].[SanPham] ([MaSp], [TenSP], [DonGia], [NSX], [HSD], [GhiChu], [MaLoai]) VALUES (N'P0010', N'Sữa Anlene', 500000.0000, CAST(N'2019-11-20' AS Date), CAST(N'2020-08-20' AS Date), N' ', N'L0002')
INSERT [dbo].[SanPham] ([MaSp], [TenSP], [DonGia], [NSX], [HSD], [GhiChu], [MaLoai]) VALUES (N'P0011', N'Sữa Ensure Gold', 500000.0000, CAST(N'2019-11-20' AS Date), CAST(N'2020-08-20' AS Date), N' ', N'L0002')
INSERT [dbo].[SanPham] ([MaSp], [TenSP], [DonGia], [NSX], [HSD], [GhiChu], [MaLoai]) VALUES (N'P0012', N'Sữa bột Nutricare Gold', 500000.0000, CAST(N'2019-11-20' AS Date), CAST(N'2020-08-20' AS Date), N' ', N'L0002')
INSERT [dbo].[SanPham] ([MaSp], [TenSP], [DonGia], [NSX], [HSD], [GhiChu], [MaLoai]) VALUES (N'P0013', N'Sữa bột BoneSure', 500000.0000, CAST(N'2019-11-20' AS Date), CAST(N'2020-08-20' AS Date), N' ', N'L0002')
INSERT [dbo].[SanPham] ([MaSp], [TenSP], [DonGia], [NSX], [HSD], [GhiChu], [MaLoai]) VALUES (N'P0014', N'Sữa bột Enplus', 500000.0000, CAST(N'2019-11-20' AS Date), CAST(N'2020-08-20' AS Date), N' ', N'L0002')
INSERT [dbo].[SanPham] ([MaSp], [TenSP], [DonGia], [NSX], [HSD], [GhiChu], [MaLoai]) VALUES (N'P0015', N'Sữa Primavita', 500000.0000, CAST(N'2019-11-20' AS Date), CAST(N'2020-08-20' AS Date), N' ', N'L0002')
INSERT [dbo].[SanPham] ([MaSp], [TenSP], [DonGia], [NSX], [HSD], [GhiChu], [MaLoai]) VALUES (N'P0016', N'Milo', 7000.0000, CAST(N'2019-11-20' AS Date), CAST(N'2020-05-11' AS Date), N' ', N'L0003')
INSERT [dbo].[SanPham] ([MaSp], [TenSP], [DonGia], [NSX], [HSD], [GhiChu], [MaLoai]) VALUES (N'P0017', N'Cô Giá Hà Lan', 7000.0000, CAST(N'2019-11-20' AS Date), CAST(N'2020-05-11' AS Date), N' ', N'L0003')
INSERT [dbo].[SanPham] ([MaSp], [TenSP], [DonGia], [NSX], [HSD], [GhiChu], [MaLoai]) VALUES (N'P0018', N'TH True Milk', 7000.0000, CAST(N'2019-11-20' AS Date), CAST(N'2020-05-11' AS Date), N' ', N'L0003')
INSERT [dbo].[SanPham] ([MaSp], [TenSP], [DonGia], [NSX], [HSD], [GhiChu], [MaLoai]) VALUES (N'P0019', N'vinamilk', 7000.0000, CAST(N'2019-11-20' AS Date), CAST(N'2020-05-11' AS Date), N' ', N'L0003')
INSERT [dbo].[SanPham] ([MaSp], [TenSP], [DonGia], [NSX], [HSD], [GhiChu], [MaLoai]) VALUES (N'P0020', N'Mộc châu', 7000.0000, CAST(N'2019-11-20' AS Date), CAST(N'2020-05-11' AS Date), N' ', N'L0003')
INSERT [dbo].[SanPham] ([MaSp], [TenSP], [DonGia], [NSX], [HSD], [GhiChu], [MaLoai]) VALUES (N'P0021', N'Sữa chua Nha đam', 6000.0000, CAST(N'2019-11-20' AS Date), CAST(N'2020-05-11' AS Date), N' ', N'L0004')
INSERT [dbo].[SanPham] ([MaSp], [TenSP], [DonGia], [NSX], [HSD], [GhiChu], [MaLoai]) VALUES (N'P0022', N'Sữa Chua TH True Milk', 6000.0000, CAST(N'2019-11-20' AS Date), CAST(N'2020-05-11' AS Date), N' ', N'L0004')
INSERT [dbo].[SanPham] ([MaSp], [TenSP], [DonGia], [NSX], [HSD], [GhiChu], [MaLoai]) VALUES (N'P0023', N'Sữa chua vinamilk', 6000.0000, CAST(N'2019-11-20' AS Date), CAST(N'2020-05-11' AS Date), N' ', N'L0004')
INSERT [dbo].[SanPham] ([MaSp], [TenSP], [DonGia], [NSX], [HSD], [GhiChu], [MaLoai]) VALUES (N'P0024', N'Sữa chua SuSu', 6000.0000, CAST(N'2019-11-20' AS Date), CAST(N'2020-05-11' AS Date), N' ', N'L0004')
INSERT [dbo].[SanPham] ([MaSp], [TenSP], [DonGia], [NSX], [HSD], [GhiChu], [MaLoai]) VALUES (N'P0025', N'Váng Sữa Satino', 15000.0000, CAST(N'2019-11-20' AS Date), CAST(N'2020-05-11' AS Date), N' ', N'L0005')
--Phiếu Nhập
INSERT [dbo].[PhieuNhap] ([MaPN], [NgayNhap], [GhiChu], [ThanhTien], [MaNV]) VALUES (N'PN001', CAST(N'2019-10-15' AS Date), N'', 1400000000.0000, N'E0010')
INSERT [dbo].[PhieuNhap] ([MaPN], [NgayNhap], [GhiChu], [ThanhTien], [MaNV]) VALUES (N'PN002', CAST(N'2019-10-16' AS Date), N'', 320200000.0000, N'E0011')
INSERT [dbo].[PhieuNhap] ([MaPN], [NgayNhap], [GhiChu], [ThanhTien], [MaNV]) VALUES (N'PN003', CAST(N'2019-10-17' AS Date), N'', 400000000.0000, N'E0012')
INSERT [dbo].[PhieuNhap] ([MaPN], [NgayNhap], [GhiChu], [ThanhTien], [MaNV]) VALUES (N'PN004', CAST(N'2019-11-18' AS Date), N'', 900000000.0000, N'E0013')
INSERT [dbo].[PhieuNhap] ([MaPN], [NgayNhap], [GhiChu], [ThanhTien], [MaNV]) VALUES (N'PN005', CAST(N'2019-11-19' AS Date), N'', 800000000.0000, N'E0014')
INSERT [dbo].[PhieuNhap] ([MaPN], [NgayNhap], [GhiChu], [ThanhTien], [MaNV]) VALUES (N'PN006', CAST(N'2019-11-20' AS Date), N'', 7000000.0000, N'E0015')
INSERT [dbo].[PhieuNhap] ([MaPN], [NgayNhap], [GhiChu], [ThanhTien], [MaNV]) VALUES (N'PN007', CAST(N'2019-11-21' AS Date), N'', 13200000.0000, N'E0016')
--Phiếu Xuất
INSERT [dbo].[PhieuXuat] ([MaPX], [NgayXuat], [GhiChu], [ThanhTien], [MaNV]) VALUES (N'PX001', CAST(N'2019-10-20' AS Date), N' ', 900000000.0000, N'E0001')
INSERT [dbo].[PhieuXuat] ([MaPX], [NgayXuat], [GhiChu], [ThanhTien], [MaNV]) VALUES (N'PX002', CAST(N'2019-10-21' AS Date), N'', 850600000.0000, N'E0011')
INSERT [dbo].[PhieuXuat] ([MaPX], [NgayXuat], [GhiChu], [ThanhTien], [MaNV]) VALUES (N'PX003', CAST(N'2019-10-22' AS Date), N'', 12200000.0000, N'E0012')
INSERT [dbo].[PhieuXuat] ([MaPX], [NgayXuat], [GhiChu], [ThanhTien], [MaNV]) VALUES (N'PX004', CAST(N'2019-11-28' AS Date), N'', 600000000.0000, N'E0013')
INSERT [dbo].[PhieuXuat] ([MaPX], [NgayXuat], [GhiChu], [ThanhTien], [MaNV]) VALUES (N'PX005', CAST(N'2019-11-29' AS Date), N'', 900000000.0000, N'E0014')
INSERT [dbo].[PhieuXuat] ([MaPX], [NgayXuat], [GhiChu], [ThanhTien], [MaNV]) VALUES (N'PX006', CAST(N'2019-11-30' AS Date), N'', 254100000.0000, N'E0015')
INSERT [dbo].[PhieuXuat] ([MaPX], [NgayXuat], [GhiChu], [ThanhTien], [MaNV]) VALUES (N'PX007', CAST(N'2019-11-27' AS Date), N'', 8700000.0000, N'E0016')
--Chi tiết phiếu nhập và chi tiết phiếu xuất
INSERT [dbo].[CTPhieuNhap] ([SLNhap], [ThanhTien], [GhiChu], [MaPN], [MaSP]) VALUES (200, 100000000.0000, N' ', N'PN001', N'P0001')
INSERT [dbo].[CTPhieuNhap] ([SLNhap], [ThanhTien], [GhiChu], [MaPN], [MaSP]) VALUES (400, 200000000.0000, N' ', N'PN001', N'P0002')
INSERT [dbo].[CTPhieuNhap] ([SLNhap], [ThanhTien], [GhiChu], [MaPN], [MaSP]) VALUES (200, 100000000.0000, N' ', N'PN001', N'P0003')
INSERT [dbo].[CTPhieuNhap] ([SLNhap], [ThanhTien], [GhiChu], [MaPN], [MaSP]) VALUES (200, 100000000.0000, N' ', N'PN001', N'P0004')
INSERT [dbo].[CTPhieuNhap] ([SLNhap], [ThanhTien], [GhiChu], [MaPN], [MaSP]) VALUES (200, 100000000.0000, N' ', N'PN001', N'P0005')
INSERT [dbo].[CTPhieuNhap] ([SLNhap], [ThanhTien], [GhiChu], [MaPN], [MaSP]) VALUES (200, 100000000.0000, N' ', N'PN001', N'P0006')
INSERT [dbo].[CTPhieuNhap] ([SLNhap], [ThanhTien], [GhiChu], [MaPN], [MaSP]) VALUES (200, 100000000.0000, N' ', N'PN001', N'P0007')
INSERT [dbo].[CTPhieuNhap] ([SLNhap], [ThanhTien], [GhiChu], [MaPN], [MaSP]) VALUES (200, 100000000.0000, N' ', N'PN001', N'P0008')
INSERT [dbo].[CTPhieuNhap] ([SLNhap], [ThanhTien], [GhiChu], [MaPN], [MaSP]) VALUES (200, 100000000.0000, N' ', N'PN001', N'P0009')
INSERT [dbo].[CTPhieuNhap] ([SLNhap], [ThanhTien], [GhiChu], [MaPN], [MaSP]) VALUES (200, 100000000.0000, N' ', N'PN001', N'P0010')
INSERT [dbo].[CTPhieuNhap] ([SLNhap], [ThanhTien], [GhiChu], [MaPN], [MaSP]) VALUES (200, 100000000.0000, N' ', N'PN001', N'P0011')
INSERT [dbo].[CTPhieuNhap] ([SLNhap], [ThanhTien], [GhiChu], [MaPN], [MaSP]) VALUES (400, 200000000.0000, N'  ', N'PN001', N'P0012')
INSERT [dbo].[CTPhieuNhap] ([SLNhap], [ThanhTien], [GhiChu], [MaPN], [MaSP]) VALUES (200, 100000000.0000, N' ', N'PN002', N'P0013')
INSERT [dbo].[CTPhieuNhap] ([SLNhap], [ThanhTien], [GhiChu], [MaPN], [MaSP]) VALUES (200, 100000000.0000, N' ', N'PN002', N'P0014')
INSERT [dbo].[CTPhieuNhap] ([SLNhap], [ThanhTien], [GhiChu], [MaPN], [MaSP]) VALUES (200, 100000000.0000, N' ', N'PN002', N'P0015')
INSERT [dbo].[CTPhieuNhap] ([SLNhap], [ThanhTien], [GhiChu], [MaPN], [MaSP]) VALUES (200, 1400000.0000, N' ', N'PN002', N'P0016')
INSERT [dbo].[CTPhieuNhap] ([SLNhap], [ThanhTien], [GhiChu], [MaPN], [MaSP]) VALUES (200, 1400000.0000, N' ', N'PN002', N'P0017')
INSERT [dbo].[CTPhieuNhap] ([SLNhap], [ThanhTien], [GhiChu], [MaPN], [MaSP]) VALUES (200, 1400000.0000, N' ', N'PN002', N'P0018')
INSERT [dbo].[CTPhieuNhap] ([SLNhap], [ThanhTien], [GhiChu], [MaPN], [MaSP]) VALUES (200, 1400000.0000, N' ', N'PN002', N'P0019')
INSERT [dbo].[CTPhieuNhap] ([SLNhap], [ThanhTien], [GhiChu], [MaPN], [MaSP]) VALUES (200, 1400000.0000, N' ', N'PN002', N'P0020')
INSERT [dbo].[CTPhieuNhap] ([SLNhap], [ThanhTien], [GhiChu], [MaPN], [MaSP]) VALUES (200, 1200000.0000, N' ', N'PN002', N'P0021')
INSERT [dbo].[CTPhieuNhap] ([SLNhap], [ThanhTien], [GhiChu], [MaPN], [MaSP]) VALUES (200, 1200000.0000, N' ', N'PN002', N'P0022')
INSERT [dbo].[CTPhieuNhap] ([SLNhap], [ThanhTien], [GhiChu], [MaPN], [MaSP]) VALUES (400, 2400000.0000, N'', N'PN002', N'P0023')
INSERT [dbo].[CTPhieuNhap] ([SLNhap], [ThanhTien], [GhiChu], [MaPN], [MaSP]) VALUES (400, 2400000.0000, N'', N'PN002', N'P0024')
INSERT [dbo].[CTPhieuNhap] ([SLNhap], [ThanhTien], [GhiChu], [MaPN], [MaSP]) VALUES (400, 6000000.0000, N'', N'PN002', N'P0025')
INSERT [dbo].[CTPhieuNhap] ([SLNhap], [ThanhTien], [GhiChu], [MaPN], [MaSP]) VALUES (400, 200000000.0000, N' ', N'PN003', N'P0013')
INSERT [dbo].[CTPhieuNhap] ([SLNhap], [ThanhTien], [GhiChu], [MaPN], [MaSP]) VALUES (400, 200000000.0000, N' ', N'PN003', N'P0014')
INSERT [dbo].[CTPhieuNhap] ([SLNhap], [ThanhTien], [GhiChu], [MaPN], [MaSP]) VALUES (200, 100000000.0000, N'', N'PN004', N'P0001')
INSERT [dbo].[CTPhieuNhap] ([SLNhap], [ThanhTien], [GhiChu], [MaPN], [MaSP]) VALUES (200, 100000000.0000, N'', N'PN004', N'P0002')
INSERT [dbo].[CTPhieuNhap] ([SLNhap], [ThanhTien], [GhiChu], [MaPN], [MaSP]) VALUES (200, 100000000.0000, N'', N'PN004', N'P0003')
INSERT [dbo].[CTPhieuNhap] ([SLNhap], [ThanhTien], [GhiChu], [MaPN], [MaSP]) VALUES (200, 100000000.0000, N'', N'PN004', N'P0004')
INSERT [dbo].[CTPhieuNhap] ([SLNhap], [ThanhTien], [GhiChu], [MaPN], [MaSP]) VALUES (200, 100000000.0000, N'', N'PN004', N'P0005')
INSERT [dbo].[CTPhieuNhap] ([SLNhap], [ThanhTien], [GhiChu], [MaPN], [MaSP]) VALUES (200, 100000000.0000, N'', N'PN004', N'P0006')
INSERT [dbo].[CTPhieuNhap] ([SLNhap], [ThanhTien], [GhiChu], [MaPN], [MaSP]) VALUES (200, 100000000.0000, N'', N'PN004', N'P0007')
INSERT [dbo].[CTPhieuNhap] ([SLNhap], [ThanhTien], [GhiChu], [MaPN], [MaSP]) VALUES (200, 100000000.0000, N'', N'PN004', N'P0008')
INSERT [dbo].[CTPhieuNhap] ([SLNhap], [ThanhTien], [GhiChu], [MaPN], [MaSP]) VALUES (200, 100000000.0000, N'', N'PN004', N'P0009')
INSERT [dbo].[CTPhieuNhap] ([SLNhap], [ThanhTien], [GhiChu], [MaPN], [MaSP]) VALUES (200, 100000000.0000, N'', N'PN005', N'P0001')
INSERT [dbo].[CTPhieuNhap] ([SLNhap], [ThanhTien], [GhiChu], [MaPN], [MaSP]) VALUES (200, 100000000.0000, N'', N'PN005', N'P0010')
INSERT [dbo].[CTPhieuNhap] ([SLNhap], [ThanhTien], [GhiChu], [MaPN], [MaSP]) VALUES (200, 100000000.0000, N'', N'PN005', N'P0011')
INSERT [dbo].[CTPhieuNhap] ([SLNhap], [ThanhTien], [GhiChu], [MaPN], [MaSP]) VALUES (400, 200000000.0000, N'', N'PN005', N'P0012')
INSERT [dbo].[CTPhieuNhap] ([SLNhap], [ThanhTien], [GhiChu], [MaPN], [MaSP]) VALUES (200, 100000000.0000, N'', N'PN005', N'P0013')
INSERT [dbo].[CTPhieuNhap] ([SLNhap], [ThanhTien], [GhiChu], [MaPN], [MaSP]) VALUES (200, 100000000.0000, N'', N'PN005', N'P0014')
INSERT [dbo].[CTPhieuNhap] ([SLNhap], [ThanhTien], [GhiChu], [MaPN], [MaSP]) VALUES (200, 100000000.0000, N'', N'PN005', N'P0015')
INSERT [dbo].[CTPhieuNhap] ([SLNhap], [ThanhTien], [GhiChu], [MaPN], [MaSP]) VALUES (200, 1400000.0000, N'', N'PN006', N'P0016')
INSERT [dbo].[CTPhieuNhap] ([SLNhap], [ThanhTien], [GhiChu], [MaPN], [MaSP]) VALUES (200, 1400000.0000, N'', N'PN006', N'P0017')
INSERT [dbo].[CTPhieuNhap] ([SLNhap], [ThanhTien], [GhiChu], [MaPN], [MaSP]) VALUES (200, 1400000.0000, N'', N'PN006', N'P0018')
INSERT [dbo].[CTPhieuNhap] ([SLNhap], [ThanhTien], [GhiChu], [MaPN], [MaSP]) VALUES (200, 1400000.0000, N'', N'PN006', N'P0019')
INSERT [dbo].[CTPhieuNhap] ([SLNhap], [ThanhTien], [GhiChu], [MaPN], [MaSP]) VALUES (200, 1400000.0000, N'', N'PN006', N'P0020')
INSERT [dbo].[CTPhieuNhap] ([SLNhap], [ThanhTien], [GhiChu], [MaPN], [MaSP]) VALUES (200, 1200000.0000, N'', N'PN007', N'P0021')
INSERT [dbo].[CTPhieuNhap] ([SLNhap], [ThanhTien], [GhiChu], [MaPN], [MaSP]) VALUES (200, 1200000.0000, N'', N'PN007', N'P0022')
INSERT [dbo].[CTPhieuNhap] ([SLNhap], [ThanhTien], [GhiChu], [MaPN], [MaSP]) VALUES (400, 2400000.0000, N'', N'PN007', N'P0023')
INSERT [dbo].[CTPhieuNhap] ([SLNhap], [ThanhTien], [GhiChu], [MaPN], [MaSP]) VALUES (400, 2400000.0000, N'', N'PN007', N'P0024')
INSERT [dbo].[CTPhieuNhap] ([SLNhap], [ThanhTien], [GhiChu], [MaPN], [MaSP]) VALUES (400, 6000000.0000, N'', N'PN007', N'P0025')
INSERT [dbo].[CTPhieuXuat] ([SLXuat], [ThanhTien], [GhiChu], [MaPX], [MaSP]) VALUES (200, 100000000.0000, N' ', N'PX001', N'P0001')
INSERT [dbo].[CTPhieuXuat] ([SLXuat], [ThanhTien], [GhiChu], [MaPX], [MaSP]) VALUES (200, 100000000.0000, N' ', N'PX001', N'P0002')
INSERT [dbo].[CTPhieuXuat] ([SLXuat], [ThanhTien], [GhiChu], [MaPX], [MaSP]) VALUES (200, 100000000.0000, N' ', N'PX001', N'P0003')
INSERT [dbo].[CTPhieuXuat] ([SLXuat], [ThanhTien], [GhiChu], [MaPX], [MaSP]) VALUES (200, 100000000.0000, N' ', N'PX001', N'P0004')
INSERT [dbo].[CTPhieuXuat] ([SLXuat], [ThanhTien], [GhiChu], [MaPX], [MaSP]) VALUES (200, 100000000.0000, N' ', N'PX001', N'P0005')
INSERT [dbo].[CTPhieuXuat] ([SLXuat], [ThanhTien], [GhiChu], [MaPX], [MaSP]) VALUES (200, 100000000.0000, N' ', N'PX001', N'P0006')
INSERT [dbo].[CTPhieuXuat] ([SLXuat], [ThanhTien], [GhiChu], [MaPX], [MaSP]) VALUES (200, 100000000.0000, N' ', N'PX001', N'P0007')
INSERT [dbo].[CTPhieuXuat] ([SLXuat], [ThanhTien], [GhiChu], [MaPX], [MaSP]) VALUES (200, 100000000.0000, N' ', N'PX001', N'P0008')
INSERT [dbo].[CTPhieuXuat] ([SLXuat], [ThanhTien], [GhiChu], [MaPX], [MaSP]) VALUES (200, 100000000.0000, N' ', N'PX001', N'P0009')
INSERT [dbo].[CTPhieuXuat] ([SLXuat], [ThanhTien], [GhiChu], [MaPX], [MaSP]) VALUES (200, 100000000.0000, N' ', N'PX002', N'P0010')
INSERT [dbo].[CTPhieuXuat] ([SLXuat], [ThanhTien], [GhiChu], [MaPX], [MaSP]) VALUES (200, 100000000.0000, N' ', N'PX002', N'P0011')
INSERT [dbo].[CTPhieuXuat] ([SLXuat], [ThanhTien], [GhiChu], [MaPX], [MaSP]) VALUES (400, 200000000.0000, N'', N'PX002', N'P0012')
INSERT [dbo].[CTPhieuXuat] ([SLXuat], [ThanhTien], [GhiChu], [MaPX], [MaSP]) VALUES (400, 200000000.0000, N' ', N'PX002', N'P0013')
INSERT [dbo].[CTPhieuXuat] ([SLXuat], [ThanhTien], [GhiChu], [MaPX], [MaSP]) VALUES (400, 200000000.0000, N' ', N'PX002', N'P0014')
INSERT [dbo].[CTPhieuXuat] ([SLXuat], [ThanhTien], [GhiChu], [MaPX], [MaSP]) VALUES (100, 50000000.0000, N' ', N'PX002', N'P0015')
INSERT [dbo].[CTPhieuXuat] ([SLXuat], [ThanhTien], [GhiChu], [MaPX], [MaSP]) VALUES (100, 600000.0000, N' ', N'PX002', N'P0021')
INSERT [dbo].[CTPhieuXuat] ([SLXuat], [ThanhTien], [GhiChu], [MaPX], [MaSP]) VALUES (200, 1400000.0000, N' ', N'PX003', N'P0016')
INSERT [dbo].[CTPhieuXuat] ([SLXuat], [ThanhTien], [GhiChu], [MaPX], [MaSP]) VALUES (100, 700000.0000, N' ', N'PX003', N'P0017')
INSERT [dbo].[CTPhieuXuat] ([SLXuat], [ThanhTien], [GhiChu], [MaPX], [MaSP]) VALUES (200, 1400000.0000, N' ', N'PX003', N'P0018')
INSERT [dbo].[CTPhieuXuat] ([SLXuat], [ThanhTien], [GhiChu], [MaPX], [MaSP]) VALUES (200, 1400000.0000, N' ', N'PX003', N'P0019')
INSERT [dbo].[CTPhieuXuat] ([SLXuat], [ThanhTien], [GhiChu], [MaPX], [MaSP]) VALUES (100, 700000.0000, N' ', N'PX003', N'P0020')
INSERT [dbo].[CTPhieuXuat] ([SLXuat], [ThanhTien], [GhiChu], [MaPX], [MaSP]) VALUES (200, 1200000.0000, N' ', N'PX003', N'P0022')
INSERT [dbo].[CTPhieuXuat] ([SLXuat], [ThanhTien], [GhiChu], [MaPX], [MaSP]) VALUES (200, 1200000.0000, N' ', N'PX003', N'P0023')
INSERT [dbo].[CTPhieuXuat] ([SLXuat], [ThanhTien], [GhiChu], [MaPX], [MaSP]) VALUES (200, 1200000.0000, N' ', N'PX003', N'P0024')
INSERT [dbo].[CTPhieuXuat] ([SLXuat], [ThanhTien], [GhiChu], [MaPX], [MaSP]) VALUES (200, 3000000.0000, N' ', N'PX003', N'P0025')
INSERT [dbo].[CTPhieuXuat] ([SLXuat], [ThanhTien], [GhiChu], [MaPX], [MaSP]) VALUES (200, 100000000.0000, N'', N'PX004', N'P0001')
INSERT [dbo].[CTPhieuXuat] ([SLXuat], [ThanhTien], [GhiChu], [MaPX], [MaSP]) VALUES (200, 100000000.0000, N'', N'PX004', N'P0002')
INSERT [dbo].[CTPhieuXuat] ([SLXuat], [ThanhTien], [GhiChu], [MaPX], [MaSP]) VALUES (200, 100000000.0000, N'', N'PX004', N'P0003')
INSERT [dbo].[CTPhieuXuat] ([SLXuat], [ThanhTien], [GhiChu], [MaPX], [MaSP]) VALUES (200, 100000000.0000, N'', N'PX004', N'P0004')
INSERT [dbo].[CTPhieuXuat] ([SLXuat], [ThanhTien], [GhiChu], [MaPX], [MaSP]) VALUES (200, 100000000.0000, N'', N'PX004', N'P0005')
INSERT [dbo].[CTPhieuXuat] ([SLXuat], [ThanhTien], [GhiChu], [MaPX], [MaSP]) VALUES (200, 100000000.0000, N'', N'PX004', N'P0006')
INSERT [dbo].[CTPhieuXuat] ([SLXuat], [ThanhTien], [GhiChu], [MaPX], [MaSP]) VALUES (200, 100000000.0000, N'', N'PX005', N'P0007')
INSERT [dbo].[CTPhieuXuat] ([SLXuat], [ThanhTien], [GhiChu], [MaPX], [MaSP]) VALUES (200, 100000000.0000, N'', N'PX005', N'P0008')
INSERT [dbo].[CTPhieuXuat] ([SLXuat], [ThanhTien], [GhiChu], [MaPX], [MaSP]) VALUES (200, 100000000.0000, N'', N'PX005', N'P0009')
INSERT [dbo].[CTPhieuXuat] ([SLXuat], [ThanhTien], [GhiChu], [MaPX], [MaSP]) VALUES (200, 100000000.0000, N'', N'PX005', N'P0010')
INSERT [dbo].[CTPhieuXuat] ([SLXuat], [ThanhTien], [GhiChu], [MaPX], [MaSP]) VALUES (200, 100000000.0000, N'', N'PX005', N'P0011')
INSERT [dbo].[CTPhieuXuat] ([SLXuat], [ThanhTien], [GhiChu], [MaPX], [MaSP]) VALUES (400, 200000000.0000, N'', N'PX005', N'P0012')
INSERT [dbo].[CTPhieuXuat] ([SLXuat], [ThanhTien], [GhiChu], [MaPX], [MaSP]) VALUES (400, 200000000.0000, N'', N'PX005', N'P0013')
INSERT [dbo].[CTPhieuXuat] ([SLXuat], [ThanhTien], [GhiChu], [MaPX], [MaSP]) VALUES (400, 200000000.0000, N'', N'PX006', N'P0014')
INSERT [dbo].[CTPhieuXuat] ([SLXuat], [ThanhTien], [GhiChu], [MaPX], [MaSP]) VALUES (100, 50000000.0000, N'', N'PX006', N'P0015')
INSERT [dbo].[CTPhieuXuat] ([SLXuat], [ThanhTien], [GhiChu], [MaPX], [MaSP]) VALUES (200, 1400000.0000, N'', N'PX006', N'P0016')
INSERT [dbo].[CTPhieuXuat] ([SLXuat], [ThanhTien], [GhiChu], [MaPX], [MaSP]) VALUES (100, 700000.0000, N'', N'PX006', N'P0017')
INSERT [dbo].[CTPhieuXuat] ([SLXuat], [ThanhTien], [GhiChu], [MaPX], [MaSP]) VALUES (200, 1400000.0000, N'', N'PX006', N'P0018')
INSERT [dbo].[CTPhieuXuat] ([SLXuat], [ThanhTien], [GhiChu], [MaPX], [MaSP]) VALUES (100, 600000.0000, N'', N'PX006', N'P0021')
INSERT [dbo].[CTPhieuXuat] ([SLXuat], [ThanhTien], [GhiChu], [MaPX], [MaSP]) VALUES (200, 1400000.0000, N'', N'PX007', N'P0019')
INSERT [dbo].[CTPhieuXuat] ([SLXuat], [ThanhTien], [GhiChu], [MaPX], [MaSP]) VALUES (100, 700000.0000, N'', N'PX007', N'P0020')
INSERT [dbo].[CTPhieuXuat] ([SLXuat], [ThanhTien], [GhiChu], [MaPX], [MaSP]) VALUES (200, 1200000.0000, N'', N'PX007', N'P0022')
INSERT [dbo].[CTPhieuXuat] ([SLXuat], [ThanhTien], [GhiChu], [MaPX], [MaSP]) VALUES (200, 1200000.0000, N'', N'PX007', N'P0023')
INSERT [dbo].[CTPhieuXuat] ([SLXuat], [ThanhTien], [GhiChu], [MaPX], [MaSP]) VALUES (200, 1200000.0000, N'', N'PX007', N'P0024')
INSERT [dbo].[CTPhieuXuat] ([SLXuat], [ThanhTien], [GhiChu], [MaPX], [MaSP]) VALUES (200, 3000000.0000, N'', N'PX007', N'P0025')





